id,_type,applicableUnit,altLabel,inScheme,code,prefLabel,topConceptOf,dc_type,definition,note,scopeNote,relevantLZS,relevantProperty,maxValue,operatie,minValue,subject,relevantQuantityKind,seeAlso,relevantCodeList,referentiewaardeType,technischefiche,broader,broaderTransitive,semanticRelation,narrower,narrowerTransitive,hasTopConcept
http://qudt.org/vocab/quantitykind/Acidity,http://qudt.org/schema/qudt/QuantityKind,http://qudt.org/vocab/unit/PH,Zuurtegraad,null,null,null,null,null,null,null,null,null,null,null,null,null,null,null,null,null,null,null,null,null,null,null,null,null
http://qudt.org/vocab/quantitykind/Conductivity,http://qudt.org/schema/qudt/QuantityKind,http://qudt.org/vocab/unit/MilliS-PER-CentiM,Geleidbaarheid,null,null,null,null,null,null,null,null,null,null,null,null,null,null,null,null,null,null,null,null,null,null,null,null,null
http://qudt.org/vocab/quantitykind/Count,http://qudt.org/schema/qudt/QuantityKind,http://qudt.org/vocab/unit/NUM,Aantal,null,null,null,null,null,null,null,null,null,null,null,null,null,null,null,null,null,null,null,null,null,null,null,null,null
http://qudt.org/vocab/quantitykind/Energy,http://qudt.org/schema/qudt/QuantityKind,http://qudt.org/vocab/unit/KiloW-HR,Vermogen,null,null,null,null,null,null,null,null,null,null,null,null,null,null,null,null,null,null,null,null,null,null,null,null,null
http://qudt.org/vocab/quantitykind/VaporPressure,http://qudt.org/schema/qudt/QuantityKind,http://qudt.org/vocab/unit/PA,Dampdruk,null,null,null,null,null,null,null,null,null,null,null,null,null,null,null,null,null,null,null,null,null,null,null,null,null
http://qudt.org/vocab/quantitykind/Volume,http://qudt.org/schema/qudt/QuantityKind,http://qudt.org/vocab/unit/M3,Volume,null,null,null,null,null,null,null,null,null,null,null,null,null,null,null,null,null,null,null,null,null,null,null,null,null
http://qudt.org/vocab/quantitykind/VolumeFlowRate,http://qudt.org/schema/qudt/QuantityKind,http://qudt.org/vocab/unit/M3-PER-HR,Volume per tijdseenheid,null,null,null,null,null,null,null,null,null,null,null,null,null,null,null,null,null,null,null,null,null,null,null,null,null
https://data.omgeving.vlaanderen.be/id/concept/lzs/dataleverancierstatus/gevalideerd,http://www.w3.org/2004/02/skos/core#Concept,null,null,https://data.omgeving.vlaanderen.be/id/conceptscheme/lzs/dataleverancierstatus,gevalideerd,Gevalideerd,https://data.omgeving.vlaanderen.be/id/conceptscheme/lzs/dataleverancierstatus,null,null,null,null,null,null,null,null,null,null,null,null,null,null,null,null,null,null,null,null,null
https://data.omgeving.vlaanderen.be/id/concept/lzs/dataleverancierstatus/geweigerd,http://www.w3.org/2004/02/skos/core#Concept,null,null,https://data.omgeving.vlaanderen.be/id/conceptscheme/lzs/dataleverancierstatus,geweigerd,Geweigerd,https://data.omgeving.vlaanderen.be/id/conceptscheme/lzs/dataleverancierstatus,null,null,null,null,null,null,null,null,null,null,null,null,null,null,null,null,null,null,null,null,null
https://data.omgeving.vlaanderen.be/id/concept/lzs/dataleverancierstatus/ingetrokken,http://www.w3.org/2004/02/skos/core#Concept,null,null,https://data.omgeving.vlaanderen.be/id/conceptscheme/lzs/dataleverancierstatus,ingetrokken,Ingetrokken,https://data.omgeving.vlaanderen.be/id/conceptscheme/lzs/dataleverancierstatus,null,null,null,null,null,null,null,null,null,null,null,null,null,null,null,null,null,null,null,null,null
https://data.omgeving.vlaanderen.be/id/concept/lzs/dataleverancierstatus/nietgevalideerd,http://www.w3.org/2004/02/skos/core#Concept,null,null,https://data.omgeving.vlaanderen.be/id/conceptscheme/lzs/dataleverancierstatus,nietgevalideerd,Niet gevalideerd,https://data.omgeving.vlaanderen.be/id/conceptscheme/lzs/dataleverancierstatus,null,null,null,null,null,null,null,null,null,null,null,null,null,null,null,null,null,null,null,null,null
https://data.omgeving.vlaanderen.be/id/concept/lzs/medium/hetelektronischmonitoringssysteem,http://www.w3.org/2004/02/skos/core#Concept|http://www.w3.org/2000/01/rdf-schema#Resource,null,null,https://data.omgeving.vlaanderen.be/id/conceptscheme/lzs/medium,null,Het elektronisch monitoringssysteem,https://data.omgeving.vlaanderen.be/id/conceptscheme/lzs/medium,null,null,null,null,null,null,null,null,null,null,null,null,null,null,null,null,null,null,null,null,null
https://data.omgeving.vlaanderen.be/id/concept/lzs/medium/lucht,http://www.w3.org/2004/02/skos/core#Concept|http://www.w3.org/2000/01/rdf-schema#Resource,null,null,https://data.omgeving.vlaanderen.be/id/conceptscheme/lzs/medium,null,Lucht,https://data.omgeving.vlaanderen.be/id/conceptscheme/lzs/medium,null,null,null,null,null,null,null,null,null,null,null,null,null,null,null,null,null,null,null,null,null
https://data.omgeving.vlaanderen.be/id/concept/lzs/medium/spuiwater,http://www.w3.org/2004/02/skos/core#Concept|http://www.w3.org/2000/01/rdf-schema#Resource,null,null,https://data.omgeving.vlaanderen.be/id/conceptscheme/lzs/medium,null,Spuiwater,https://data.omgeving.vlaanderen.be/id/conceptscheme/lzs/medium,null,null,null,null,null,null,null,null,null,null,null,null,null,null,null,null,null,null,null,null,null
https://data.omgeving.vlaanderen.be/id/concept/lzs/medium/stal,http://www.w3.org/2004/02/skos/core#Concept|http://www.w3.org/2000/01/rdf-schema#Resource,null,null,https://data.omgeving.vlaanderen.be/id/conceptscheme/lzs/medium,null,Stal,https://data.omgeving.vlaanderen.be/id/conceptscheme/lzs/medium,null,null,null,null,null,null,null,null,null,null,null,null,null,null,null,null,null,null,null,null,null
https://data.omgeving.vlaanderen.be/id/concept/lzs/medium/waswater,http://www.w3.org/2004/02/skos/core#Concept|http://www.w3.org/2000/01/rdf-schema#Resource,null,null,https://data.omgeving.vlaanderen.be/id/conceptscheme/lzs/medium,null,Waswater,https://data.omgeving.vlaanderen.be/id/conceptscheme/lzs/medium,null,null,null,null,null,null,null,null,null,null,null,null,null,null,null,null,null,null,null,null,null
https://data.omgeving.vlaanderen.be/id/concept/lzs/norm_bandbreedte/_1,http://www.w3.org/2004/02/skos/core#Concept,null,null,https://data.omgeving.vlaanderen.be/id/conceptscheme/lzs/norm-bandbreedte,null,Zuurtegraad waswater < 6 (S1 systeem),https://data.omgeving.vlaanderen.be/id/conceptscheme/lzs/norm-bandbreedte,Onder minimum grenswaarde,De zuurtegraad van het waswater is kleiner dan 6,De zuurtegraad van het waswater is kleiner dan 6|< 6,< 6,https://data.omgeving.vlaanderen.be/id/concept/lzs/type/s1,https://data.omgeving.vlaanderen.be/id/concept/lzs/parameter/zuurtegraadwaswater,6,null,null,null,null,null,null,null,null,null,null,null,null,null,null
https://data.omgeving.vlaanderen.be/id/concept/lzs/norm_bandbreedte/_10,http://www.w3.org/2004/02/skos/core#Concept,null,null,https://data.omgeving.vlaanderen.be/id/conceptscheme/lzs/norm-bandbreedte,null,Waswaterdebiet afwijking naar beneden > 20% (S2 systeem),https://data.omgeving.vlaanderen.be/id/conceptscheme/lzs/norm-bandbreedte,Onder minimum grenswaarde,Het waswaterdebiet wijkt meer dan 20% naar beneden af van de operationele waarde die op de technische fiche vermeld staat.,"Het waswaterdebiet wijkt meer dan 20% naar beneden af van de operationele waarde die op de technische fiche vermeld staat.|< 0,8 x waarde technische fiche (afwijking > 20%)","< 0,8 x waarde technische fiche (afwijking > 20%)",https://data.omgeving.vlaanderen.be/id/concept/lzs/type/s2,https://data.omgeving.vlaanderen.be/id/concept/lzs/parameter/waswaterdebiet,0.8,product,null,null,null,null,null,null,null,null,null,null,null,null,null
https://data.omgeving.vlaanderen.be/id/concept/lzs/norm_bandbreedte/_11,http://www.w3.org/2004/02/skos/core#Concept,null,null,https://data.omgeving.vlaanderen.be/id/conceptscheme/lzs/norm-bandbreedte,null,Spuiwaterdebiet afwijking naar beneden > 10% (S2 systeem),https://data.omgeving.vlaanderen.be/id/conceptscheme/lzs/norm-bandbreedte,Onder minimum grenswaarde,Het spuiwaterdebiet wijkt meer dan 10% naar beneden af van de operationele waarde die op de technische fiche vermeld staat.,"Het spuiwaterdebiet wijkt meer dan 10% naar beneden af van de operationele waarde die op de technische fiche vermeld staat.|< 0,9 x waarde technische fiche (afwijking > 10%)","< 0,9 x waarde technische fiche (afwijking > 10%)",https://data.omgeving.vlaanderen.be/id/concept/lzs/type/s2,https://data.omgeving.vlaanderen.be/id/concept/lzs/parameter/spuiwaterproductie,0.9,product,null,null,null,null,null,null,null,null,null,null,null,null,null
https://data.omgeving.vlaanderen.be/id/concept/lzs/norm_bandbreedte/_12,http://www.w3.org/2004/02/skos/core#Concept,null,null,https://data.omgeving.vlaanderen.be/id/conceptscheme/lzs/norm-bandbreedte,null,Drukval afwijking naar beneden > 40% (S2 systeem),https://data.omgeving.vlaanderen.be/id/conceptscheme/lzs/norm-bandbreedte,Onder minimum grenswaarde,De drukval wijkt meer dan 40% naar beneden af van de operationele waarde die op de technische fiche vermeld staat.,"De drukval wijkt meer dan 40% naar beneden af van de operationele waarde die op de technische fiche vermeld staat.|< 0,6 x waarde technische fiche (afwijking > 40%)","< 0,6 x waarde technische fiche (afwijking > 40%)",https://data.omgeving.vlaanderen.be/id/concept/lzs/type/s2,https://data.omgeving.vlaanderen.be/id/concept/lzs/parameter/drukvaloverhetsysteem,0.6,product,null,null,null,null,null,null,null,null,null,null,null,null,null
https://data.omgeving.vlaanderen.be/id/concept/lzs/norm_bandbreedte/_13,http://www.w3.org/2004/02/skos/core#Concept,null,null,https://data.omgeving.vlaanderen.be/id/conceptscheme/lzs/norm-bandbreedte,null,Drukval afwijking naar boven > 40% (S2 systeem),https://data.omgeving.vlaanderen.be/id/conceptscheme/lzs/norm-bandbreedte,Boven maximum grenswaarde,De drukval wijkt meer dan 40% naar boven af van de operationele waarde die op de technische fiche vermeld staat.,"De drukval wijkt meer dan 40% naar boven af van de operationele waarde die op de technische fiche vermeld staat.|> 1,4 x waarde technische fiche (afwijking > 40%)","> 1,4 x waarde technische fiche (afwijking > 40%)",https://data.omgeving.vlaanderen.be/id/concept/lzs/type/s2,https://data.omgeving.vlaanderen.be/id/concept/lzs/parameter/drukvaloverhetsysteem,null,product,1.4,null,null,null,null,null,null,null,null,null,null,null,null
https://data.omgeving.vlaanderen.be/id/concept/lzs/norm_bandbreedte/_14,http://www.w3.org/2004/02/skos/core#Concept,null,null,https://data.omgeving.vlaanderen.be/id/conceptscheme/lzs/norm-bandbreedte,null,Waswaterdebiet voorbevochtiging afwijking naar beneden > 20% (S3 systeem),https://data.omgeving.vlaanderen.be/id/conceptscheme/lzs/norm-bandbreedte,Onder minimum grenswaarde,Het waswaterdebiet van de voorbevochtiging wijkt meer dan 20% naar beneden af van de operationele waarde die op de technische fiche vermeld staat.,"< 0,8 x waarde technische fiche (afwijking > 20%)|Het waswaterdebiet van de voorbevochtiging wijkt meer dan 20% naar beneden af van de operationele waarde die op de technische fiche vermeld staat.","< 0,8 x waarde technische fiche (afwijking > 20%)",https://data.omgeving.vlaanderen.be/id/concept/lzs/type/s3,https://data.omgeving.vlaanderen.be/id/concept/lzs/parameter/waswaterdebietvoorbevochtiging,0.8,product,null,null,null,null,null,null,null,null,null,null,null,null,null
https://data.omgeving.vlaanderen.be/id/concept/lzs/norm_bandbreedte/_15,http://www.w3.org/2004/02/skos/core#Concept,null,null,https://data.omgeving.vlaanderen.be/id/conceptscheme/lzs/norm-bandbreedte,null,Waswaterdebiet bevloeiing afwijking naar beneden > 20% (S3 systeem),https://data.omgeving.vlaanderen.be/id/conceptscheme/lzs/norm-bandbreedte,Onder minimum grenswaarde,Het waswaterdebiet van de bevloeiing wijkt meer dan 20% naar beneden af van de operationele waarde die op de technische fiche vermeld staat.,"< 0,8 x waarde technische fiche (afwijking > 20%)|Het waswaterdebiet van de bevloeiing wijkt meer dan 20% naar beneden af van de operationele waarde die op de technische fiche vermeld staat.","< 0,8 x waarde technische fiche (afwijking > 20%)",https://data.omgeving.vlaanderen.be/id/concept/lzs/type/s3,https://data.omgeving.vlaanderen.be/id/concept/lzs/parameter/waswaterdebietbevloeiing,0.8,product,null,null,null,null,null,null,null,null,null,null,null,null,null
https://data.omgeving.vlaanderen.be/id/concept/lzs/norm_bandbreedte/_16,http://www.w3.org/2004/02/skos/core#Concept,null,null,https://data.omgeving.vlaanderen.be/id/conceptscheme/lzs/norm-bandbreedte,null,Drukval afwijking naar boven > 50 Pa (S3 systeem),https://data.omgeving.vlaanderen.be/id/conceptscheme/lzs/norm-bandbreedte,Boven maximum grenswaarde,De drukval wijkt meer dan 50 Pa naar boven af van de operationele waarde die op de technische fiche vermeld staat.,De drukval wijkt meer dan 50 Pa naar boven af van de operationele waarde die op de technische fiche vermeld staat.|> 50 Pa + waarde technische fiche (afwijking > 50 Pa),> 50 Pa + waarde technische fiche (afwijking > 50 Pa),https://data.omgeving.vlaanderen.be/id/concept/lzs/type/s3,https://data.omgeving.vlaanderen.be/id/concept/lzs/parameter/drukvaloverhetsysteem,null,som,50,null,null,null,null,null,null,null,null,null,null,null,null
https://data.omgeving.vlaanderen.be/id/concept/lzs/norm_bandbreedte/_2,http://www.w3.org/2004/02/skos/core#Concept,null,null,https://data.omgeving.vlaanderen.be/id/conceptscheme/lzs/norm-bandbreedte,null,"Zuurtegraad waswater > 8,5 (S1 systeem)",https://data.omgeving.vlaanderen.be/id/conceptscheme/lzs/norm-bandbreedte,Boven maximum grenswaarde,"De zuurtegraad van het waswater is groter dan 8,5","De zuurtegraad van het waswater is groter dan 8,5|> 8,5","> 8,5",https://data.omgeving.vlaanderen.be/id/concept/lzs/type/s1,https://data.omgeving.vlaanderen.be/id/concept/lzs/parameter/zuurtegraadwaswater,null,null,8.5,null,null,null,null,null,null,null,null,null,null,null,null
https://data.omgeving.vlaanderen.be/id/concept/lzs/norm_bandbreedte/_3,http://www.w3.org/2004/02/skos/core#Concept,null,null,https://data.omgeving.vlaanderen.be/id/conceptscheme/lzs/norm-bandbreedte,null,Geleidbaarheid waswater > maximale waarde (S1 systeem),https://data.omgeving.vlaanderen.be/id/conceptscheme/lzs/norm-bandbreedte,Boven maximum grenswaarde,De geleidbaarheid is groter dan de maximale operationele waarde die op de technische fiche vermeld staat.,De geleidbaarheid is groter dan de maximale operationele waarde die op de technische fiche vermeld staat.|> waarde technische fiche,> waarde technische fiche,https://data.omgeving.vlaanderen.be/id/concept/lzs/type/s1,https://data.omgeving.vlaanderen.be/id/concept/lzs/parameter/geleidbaarheidvanhetwaswater,null,som,0,null,null,null,null,null,null,null,null,null,null,null,null
https://data.omgeving.vlaanderen.be/id/concept/lzs/norm_bandbreedte/_4,http://www.w3.org/2004/02/skos/core#Concept,null,null,https://data.omgeving.vlaanderen.be/id/conceptscheme/lzs/norm-bandbreedte,null,Waswaterdebiet afwijking naar beneden > 20% (S1 systeem),https://data.omgeving.vlaanderen.be/id/conceptscheme/lzs/norm-bandbreedte,Onder minimum grenswaarde,Het waswaterdebiet wijkt meer dan 20% naar beneden af van de operationele waarde die op de technische fiche vermeld staat.,"Het waswaterdebiet wijkt meer dan 20% naar beneden af van de operationele waarde die op de technische fiche vermeld staat.|< 0,8 x waarde technische fiche (afwijking > 20%)","< 0,8 x waarde technische fiche (afwijking > 20%)",https://data.omgeving.vlaanderen.be/id/concept/lzs/type/s1,https://data.omgeving.vlaanderen.be/id/concept/lzs/parameter/waswaterdebiet,0.8,product,null,null,null,null,null,null,null,null,null,null,null,null,null
https://data.omgeving.vlaanderen.be/id/concept/lzs/norm_bandbreedte/_5,http://www.w3.org/2004/02/skos/core#Concept,null,null,https://data.omgeving.vlaanderen.be/id/conceptscheme/lzs/norm-bandbreedte,null,Spuiwaterdebiet afwijking naar beneden > 10% (S1 systeem),https://data.omgeving.vlaanderen.be/id/conceptscheme/lzs/norm-bandbreedte,Onder minimum grenswaarde,Het spuiwaterdebiet wijkt meer dan 10% naar beneden af van de operationele waarde die op de technische fiche vermeld staat.,"Het spuiwaterdebiet wijkt meer dan 10% naar beneden af van de operationele waarde die op de technische fiche vermeld staat.|< 0,9 x waarde technische fiche (afwijking > 10%)","< 0,9 x waarde technische fiche (afwijking > 10%)",https://data.omgeving.vlaanderen.be/id/concept/lzs/type/s1,https://data.omgeving.vlaanderen.be/id/concept/lzs/parameter/spuiwaterproductie,0.9,product,null,null,null,null,null,null,null,null,null,null,null,null,null
https://data.omgeving.vlaanderen.be/id/concept/lzs/norm_bandbreedte/_6,http://www.w3.org/2004/02/skos/core#Concept,null,null,https://data.omgeving.vlaanderen.be/id/conceptscheme/lzs/norm-bandbreedte,null,Drukval afwijking naar beneden > 40% (S1 systeem),https://data.omgeving.vlaanderen.be/id/conceptscheme/lzs/norm-bandbreedte,Onder minimum grenswaarde,De drukval wijkt meer dan 40% naar beneden af van de operationele waarde die op de technische fiche vermeld staat.,"De drukval wijkt meer dan 40% naar beneden af van de operationele waarde die op de technische fiche vermeld staat.|< 0,6 x waarde technische fiche (afwijking > 40%)","< 0,6 x waarde technische fiche (afwijking > 40%)",https://data.omgeving.vlaanderen.be/id/concept/lzs/type/s1,https://data.omgeving.vlaanderen.be/id/concept/lzs/parameter/drukvaloverhetsysteem,0.6,product,null,null,null,null,null,null,null,null,null,null,null,null,null
https://data.omgeving.vlaanderen.be/id/concept/lzs/norm_bandbreedte/_7,http://www.w3.org/2004/02/skos/core#Concept,null,null,https://data.omgeving.vlaanderen.be/id/conceptscheme/lzs/norm-bandbreedte,null,Drukval afwijking naar boven > 40% (S1 systeem),https://data.omgeving.vlaanderen.be/id/conceptscheme/lzs/norm-bandbreedte,Boven maximum grenswaarde,De drukval wijkt meer dan 40% naar boven af van de operationele waarde die op de technische fiche vermeld staat.,"De drukval wijkt meer dan 40% naar boven af van de operationele waarde die op de technische fiche vermeld staat.|> 1,4 x waarde technische fiche (afwijking > 40%)","> 1,4 x waarde technische fiche (afwijking > 40%)",https://data.omgeving.vlaanderen.be/id/concept/lzs/type/s1,https://data.omgeving.vlaanderen.be/id/concept/lzs/parameter/drukvaloverhetsysteem,null,product,1.4,null,null,null,null,null,null,null,null,null,null,null,null
https://data.omgeving.vlaanderen.be/id/concept/lzs/norm_bandbreedte/_8,http://www.w3.org/2004/02/skos/core#Concept,null,null,https://data.omgeving.vlaanderen.be/id/conceptscheme/lzs/norm-bandbreedte,null,Zuurtegraad waswater afwijking naar boven > 1 pH-eenheid (S2 systeem),https://data.omgeving.vlaanderen.be/id/conceptscheme/lzs/norm-bandbreedte,Boven maximum grenswaarde,De zuurtegraad van het waswater wijkt meer dan 1 pH-eenheid naar boven af van de operationele waarde die op de technische fiche vermeld staat.,De zuurtegraad van het waswater wijkt meer dan 1 pH-eenheid naar boven af van de operationele waarde die op de technische fiche vermeld staat.|> 1 pH + waarde technische fiche (afwijking > 1pH),> 1 pH + waarde technische fiche (afwijking > 1pH),https://data.omgeving.vlaanderen.be/id/concept/lzs/type/s2,https://data.omgeving.vlaanderen.be/id/concept/lzs/parameter/zuurtegraadwaswater,null,som,1,null,null,null,null,null,null,null,null,null,null,null,null
https://data.omgeving.vlaanderen.be/id/concept/lzs/norm_bandbreedte/_9,http://www.w3.org/2004/02/skos/core#Concept,null,null,https://data.omgeving.vlaanderen.be/id/conceptscheme/lzs/norm-bandbreedte,null,Geleidbaarheid waswater > maximale waarde (S2 systeem),https://data.omgeving.vlaanderen.be/id/conceptscheme/lzs/norm-bandbreedte,Boven maximum grenswaarde,De geleidbaarheid is groter dan de maximale operationele waarde die op de technische fiche vermeld staat.,De geleidbaarheid is groter dan de maximale operationele waarde die op de technische fiche vermeld staat.|> waarde technische fiche,> waarde technische fiche,https://data.omgeving.vlaanderen.be/id/concept/lzs/type/s2,https://data.omgeving.vlaanderen.be/id/concept/lzs/parameter/geleidbaarheidvanhetwaswater,null,som,0,null,null,null,null,null,null,null,null,null,null,null,null
https://data.omgeving.vlaanderen.be/id/concept/lzs/parameter/biobedspoelwaterproductie,http://www.w3.org/2004/02/skos/core#Concept|http://www.w3.org/ns/ssn/Property,null,null,https://data.omgeving.vlaanderen.be/id/conceptscheme/lzs/parameter,null,Biobedspoelwaterproductie,https://data.omgeving.vlaanderen.be/id/conceptscheme/lzs/parameter,null,null,null,null,https://data.omgeving.vlaanderen.be/id/concept/lzs/type/s3,null,null,null,null,https://data.omgeving.vlaanderen.be/id/concept/lzs/medium/waswater,http://qudt.org/vocab/quantitykind/Volume,https://data.omgeving.vlaanderen.be/id/concept/fysico-chemisch/0053,null,null,null,null,null,null,null,null,null
https://data.omgeving.vlaanderen.be/id/concept/lzs/parameter/biobedspuiwaterproductie,http://www.w3.org/2004/02/skos/core#Concept|http://www.w3.org/ns/ssn/Property,null,null,https://data.omgeving.vlaanderen.be/id/conceptscheme/lzs/parameter,null,Biobedspuiwaterproductie,https://data.omgeving.vlaanderen.be/id/conceptscheme/lzs/parameter,null,null,null,null,https://data.omgeving.vlaanderen.be/id/concept/lzs/type/s3,null,null,null,null,https://data.omgeving.vlaanderen.be/id/concept/lzs/medium/spuiwater,http://qudt.org/vocab/quantitykind/Volume,https://data.omgeving.vlaanderen.be/id/concept/fysico-chemisch/0050,null,null,null,null,null,null,null,null,null
https://data.omgeving.vlaanderen.be/id/concept/lzs/parameter/drukvaloverhetsysteem,http://www.w3.org/2004/02/skos/core#Concept|http://www.w3.org/ns/ssn/Property,null,null,https://data.omgeving.vlaanderen.be/id/conceptscheme/lzs/parameter,null,Drukval over het systeem,https://data.omgeving.vlaanderen.be/id/conceptscheme/lzs/parameter,null,null,null,null,https://data.omgeving.vlaanderen.be/id/concept/lzs/type/s2|https://data.omgeving.vlaanderen.be/id/concept/lzs/type/s3|https://data.omgeving.vlaanderen.be/id/concept/lzs/type/s1,null,null,null,null,https://data.omgeving.vlaanderen.be/id/concept/lzs/medium/lucht,http://qudt.org/vocab/quantitykind/VaporPressure,https://data.omgeving.vlaanderen.be/id/concept/fysico-chemisch/0329,null,null,null,null,null,null,null,null,null
https://data.omgeving.vlaanderen.be/id/concept/lzs/parameter/elektriciteitsverbruikwaterpompen,http://www.w3.org/2004/02/skos/core#Concept|http://www.w3.org/ns/ssn/Property,null,null,https://data.omgeving.vlaanderen.be/id/conceptscheme/lzs/parameter,null,Elektriciteitsverbruik van de waswaterpomp(en),https://data.omgeving.vlaanderen.be/id/conceptscheme/lzs/parameter,null,null,null,null,https://data.omgeving.vlaanderen.be/id/concept/lzs/type/lelysphere,null,null,null,null,null,http://qudt.org/vocab/quantitykind/Energy,null,null,null,null,null,null,null,null,null,null
https://data.omgeving.vlaanderen.be/id/concept/lzs/parameter/geleidbaarheidvanhetwaswater,http://www.w3.org/2004/02/skos/core#Concept|http://www.w3.org/ns/ssn/Property,null,null,https://data.omgeving.vlaanderen.be/id/conceptscheme/lzs/parameter,null,Geleidbaarheid van het waswater,https://data.omgeving.vlaanderen.be/id/conceptscheme/lzs/parameter,null,null,null,null,https://data.omgeving.vlaanderen.be/id/concept/lzs/type/s2|https://data.omgeving.vlaanderen.be/id/concept/lzs/type/s1|https://data.omgeving.vlaanderen.be/id/concept/lzs/type/lelysphere,null,null,null,null,https://data.omgeving.vlaanderen.be/id/concept/lzs/medium/waswater,http://qudt.org/vocab/quantitykind/Conductivity,https://data.omgeving.vlaanderen.be/id/concept/fysico-chemisch/0010,null,null,null,null,null,null,null,null,null
https://data.omgeving.vlaanderen.be/id/concept/lzs/parameter/spuiwaterproductie,http://www.w3.org/2004/02/skos/core#Concept|http://www.w3.org/ns/ssn/Property,null,null,https://data.omgeving.vlaanderen.be/id/conceptscheme/lzs/parameter,null,Spuiwaterproductie,https://data.omgeving.vlaanderen.be/id/conceptscheme/lzs/parameter,null,null,null,null,https://data.omgeving.vlaanderen.be/id/concept/lzs/type/s2|https://data.omgeving.vlaanderen.be/id/concept/lzs/type/s1|https://data.omgeving.vlaanderen.be/id/concept/lzs/type/lelysphere,null,null,null,null,https://data.omgeving.vlaanderen.be/id/concept/lzs/medium/spuiwater,http://qudt.org/vocab/quantitykind/Volume,https://data.omgeving.vlaanderen.be/id/concept/fysico-chemisch/0050,null,null,null,null,null,null,null,null,null
https://data.omgeving.vlaanderen.be/id/concept/lzs/parameter/stalbezetting,http://www.w3.org/2004/02/skos/core#Concept|http://www.w3.org/ns/ssn/Property,null,null,https://data.omgeving.vlaanderen.be/id/conceptscheme/lzs/parameter,null,Stalbezetting,https://data.omgeving.vlaanderen.be/id/conceptscheme/lzs/parameter,null,null,null,null,https://data.omgeving.vlaanderen.be/id/concept/lzs/type/s2|https://data.omgeving.vlaanderen.be/id/concept/lzs/type/s3|https://data.omgeving.vlaanderen.be/id/concept/lzs/type/s1,null,null,null,null,https://data.omgeving.vlaanderen.be/id/concept/lzs/medium/stal,null,null,https://data.omgeving.vlaanderen.be/id/conceptscheme/lzs/stalbezetting,null,null,null,null,null,null,null,null
https://data.omgeving.vlaanderen.be/id/concept/lzs/parameter/systeemstatus,http://www.w3.org/2004/02/skos/core#Concept|http://www.w3.org/ns/ssn/Property,null,null,https://data.omgeving.vlaanderen.be/id/conceptscheme/lzs/parameter,null,SysteemStatus,https://data.omgeving.vlaanderen.be/id/conceptscheme/lzs/parameter,null,null,null,null,https://data.omgeving.vlaanderen.be/id/concept/lzs/type/s2|https://data.omgeving.vlaanderen.be/id/concept/lzs/type/s3|https://data.omgeving.vlaanderen.be/id/concept/lzs/type/s1,null,null,null,null,https://data.omgeving.vlaanderen.be/id/concept/lzs/medium/hetelektronischmonitoringssysteem,null,null,https://data.omgeving.vlaanderen.be/id/conceptscheme/lzs/systeemstatus,null,null,null,null,null,null,null,null
https://data.omgeving.vlaanderen.be/id/concept/lzs/parameter/waswaterdebiet,http://www.w3.org/2004/02/skos/core#Concept|http://www.w3.org/ns/ssn/Property,null,null,https://data.omgeving.vlaanderen.be/id/conceptscheme/lzs/parameter,null,Waswaterdebiet over het waspakket,https://data.omgeving.vlaanderen.be/id/conceptscheme/lzs/parameter,null,null,null,null,https://data.omgeving.vlaanderen.be/id/concept/lzs/type/s2|https://data.omgeving.vlaanderen.be/id/concept/lzs/type/s1|https://data.omgeving.vlaanderen.be/id/concept/lzs/type/lelysphere,null,null,null,null,https://data.omgeving.vlaanderen.be/id/concept/lzs/medium/waswater,http://qudt.org/vocab/quantitykind/VolumeFlowRate,https://data.omgeving.vlaanderen.be/id/concept/fysico-chemisch/0053,null,null,null,null,null,null,null,null,null
https://data.omgeving.vlaanderen.be/id/concept/lzs/parameter/waswaterdebietbevloeiing,http://www.w3.org/2004/02/skos/core#Concept|http://www.w3.org/ns/ssn/Property,null,null,https://data.omgeving.vlaanderen.be/id/conceptscheme/lzs/parameter,null,Waswaterdebiet van de bevloeiing van het vulmateriaal,https://data.omgeving.vlaanderen.be/id/conceptscheme/lzs/parameter,null,null,null,null,https://data.omgeving.vlaanderen.be/id/concept/lzs/type/s3,null,null,null,null,https://data.omgeving.vlaanderen.be/id/concept/lzs/medium/waswater,http://qudt.org/vocab/quantitykind/VolumeFlowRate,https://data.omgeving.vlaanderen.be/id/concept/fysico-chemisch/0053,null,null,null,null,null,null,null,null,null
https://data.omgeving.vlaanderen.be/id/concept/lzs/parameter/waswaterdebietvoorbevochtiging,http://www.w3.org/2004/02/skos/core#Concept|http://www.w3.org/ns/ssn/Property,null,null,https://data.omgeving.vlaanderen.be/id/conceptscheme/lzs/parameter,null,Waswaterdebiet van de voorbevochtiging van de ingaande stallucht,https://data.omgeving.vlaanderen.be/id/conceptscheme/lzs/parameter,null,null,null,null,https://data.omgeving.vlaanderen.be/id/concept/lzs/type/s3,null,null,null,null,https://data.omgeving.vlaanderen.be/id/concept/lzs/medium/waswater,http://qudt.org/vocab/quantitykind/VolumeFlowRate,https://data.omgeving.vlaanderen.be/id/concept/fysico-chemisch/0053,null,null,null,null,null,null,null,null,null
https://data.omgeving.vlaanderen.be/id/concept/lzs/parameter/zuurtegraadwaswater,http://www.w3.org/2004/02/skos/core#Concept|http://www.w3.org/ns/ssn/Property,null,null,https://data.omgeving.vlaanderen.be/id/conceptscheme/lzs/parameter,null,Zuurtegraad van het waswater,https://data.omgeving.vlaanderen.be/id/conceptscheme/lzs/parameter,null,null,null,null,https://data.omgeving.vlaanderen.be/id/concept/lzs/type/s2|https://data.omgeving.vlaanderen.be/id/concept/lzs/type/s1,null,null,null,null,https://data.omgeving.vlaanderen.be/id/concept/lzs/medium/waswater,http://qudt.org/vocab/quantitykind/Acidity,https://data.omgeving.vlaanderen.be/id/concept/fysico-chemisch/0076,null,null,null,null,null,null,null,null,null
https://data.omgeving.vlaanderen.be/id/concept/lzs/parameter_norm/_1,http://www.w3.org/2004/02/skos/core#Concept,null,null,https://data.omgeving.vlaanderen.be/id/conceptscheme/lzs/parameter-norm,null,Zuurtegraad waswater S1 systeem,https://data.omgeving.vlaanderen.be/id/conceptscheme/lzs/parameter-norm,null,null,null,null,https://data.omgeving.vlaanderen.be/id/concept/lzs/type/s1,https://data.omgeving.vlaanderen.be/id/concept/lzs/parameter/zuurtegraadwaswater,8.5,null,6,null,null,null,null,maximum,true,null,null,null,null,null,null
https://data.omgeving.vlaanderen.be/id/concept/lzs/parameter_norm/_10,http://www.w3.org/2004/02/skos/core#Concept,null,null,https://data.omgeving.vlaanderen.be/id/conceptscheme/lzs/parameter-norm,null,Drukval S2 systeem,https://data.omgeving.vlaanderen.be/id/conceptscheme/lzs/parameter-norm,null,null,null,null,https://data.omgeving.vlaanderen.be/id/concept/lzs/type/s2,https://data.omgeving.vlaanderen.be/id/concept/lzs/parameter/drukvaloverhetsysteem,500,null,0,null,null,null,null,exact,true,null,null,null,null,null,null
https://data.omgeving.vlaanderen.be/id/concept/lzs/parameter_norm/_11,http://www.w3.org/2004/02/skos/core#Concept,null,null,https://data.omgeving.vlaanderen.be/id/conceptscheme/lzs/parameter-norm,null,Waswaterdebiet voorbevochtiging S3 systeem,https://data.omgeving.vlaanderen.be/id/conceptscheme/lzs/parameter-norm,null,null,null,null,https://data.omgeving.vlaanderen.be/id/concept/lzs/type/s3,https://data.omgeving.vlaanderen.be/id/concept/lzs/parameter/waswaterdebietvoorbevochtiging,null,null,0,null,null,null,null,minimum,true,null,null,null,null,null,null
https://data.omgeving.vlaanderen.be/id/concept/lzs/parameter_norm/_12,http://www.w3.org/2004/02/skos/core#Concept,null,null,https://data.omgeving.vlaanderen.be/id/conceptscheme/lzs/parameter-norm,null,Waswaterdebiet bevloeiing S3 systeem,https://data.omgeving.vlaanderen.be/id/conceptscheme/lzs/parameter-norm,null,null,null,null,https://data.omgeving.vlaanderen.be/id/concept/lzs/type/s3,https://data.omgeving.vlaanderen.be/id/concept/lzs/parameter/waswaterdebietbevloeiing,null,null,0,null,null,null,null,minimum,true,null,null,null,null,null,null
https://data.omgeving.vlaanderen.be/id/concept/lzs/parameter_norm/_13,http://www.w3.org/2004/02/skos/core#Concept,null,null,https://data.omgeving.vlaanderen.be/id/conceptscheme/lzs/parameter-norm,null,Biobedspuiwaterproductie S3 systeem,https://data.omgeving.vlaanderen.be/id/conceptscheme/lzs/parameter-norm,null,null,null,null,https://data.omgeving.vlaanderen.be/id/concept/lzs/type/s3,https://data.omgeving.vlaanderen.be/id/concept/lzs/parameter/biobedspuiwaterproductie,null,null,0,null,null,null,null,minimum,true,null,null,null,null,null,null
https://data.omgeving.vlaanderen.be/id/concept/lzs/parameter_norm/_14,http://www.w3.org/2004/02/skos/core#Concept,null,null,https://data.omgeving.vlaanderen.be/id/conceptscheme/lzs/parameter-norm,null,Biobedspoelwaterproductie S3 systeem,https://data.omgeving.vlaanderen.be/id/conceptscheme/lzs/parameter-norm,null,null,null,null,https://data.omgeving.vlaanderen.be/id/concept/lzs/type/s3,https://data.omgeving.vlaanderen.be/id/concept/lzs/parameter/biobedspoelwaterproductie,null,null,0,null,null,null,null,minimum,true,null,null,null,null,null,null
https://data.omgeving.vlaanderen.be/id/concept/lzs/parameter_norm/_15,http://www.w3.org/2004/02/skos/core#Concept,null,null,https://data.omgeving.vlaanderen.be/id/conceptscheme/lzs/parameter-norm,null,Drukval S3 systeem,https://data.omgeving.vlaanderen.be/id/conceptscheme/lzs/parameter-norm,null,null,null,null,https://data.omgeving.vlaanderen.be/id/concept/lzs/type/s3,https://data.omgeving.vlaanderen.be/id/concept/lzs/parameter/drukvaloverhetsysteem,500,null,0,null,null,null,null,maximum,true,null,null,null,null,null,null
https://data.omgeving.vlaanderen.be/id/concept/lzs/parameter_norm/_16,http://www.w3.org/2004/02/skos/core#Concept,null,null,https://data.omgeving.vlaanderen.be/id/conceptscheme/lzs/parameter-norm,null,Geleidbaarheid waswater Lely Sphere systeem,https://data.omgeving.vlaanderen.be/id/conceptscheme/lzs/parameter-norm,null,null,null,null,https://data.omgeving.vlaanderen.be/id/concept/lzs/type/lelysphere,https://data.omgeving.vlaanderen.be/id/concept/lzs/parameter/geleidbaarheidvanhetwaswater,null,null,0,null,null,null,null,maximum,true,null,null,null,null,null,null
https://data.omgeving.vlaanderen.be/id/concept/lzs/parameter_norm/_17,http://www.w3.org/2004/02/skos/core#Concept,null,null,https://data.omgeving.vlaanderen.be/id/conceptscheme/lzs/parameter-norm,null,Waswaterdebiet Lely Sphere systeem,https://data.omgeving.vlaanderen.be/id/conceptscheme/lzs/parameter-norm,null,null,null,null,https://data.omgeving.vlaanderen.be/id/concept/lzs/type/lelysphere,https://data.omgeving.vlaanderen.be/id/concept/lzs/parameter/waswaterdebiet,null,null,0,null,null,null,null,minimum,true,null,null,null,null,null,null
https://data.omgeving.vlaanderen.be/id/concept/lzs/parameter_norm/_18,http://www.w3.org/2004/02/skos/core#Concept,null,null,https://data.omgeving.vlaanderen.be/id/conceptscheme/lzs/parameter-norm,null,Spuiwaterdebiet Lely Sphere systeem,https://data.omgeving.vlaanderen.be/id/conceptscheme/lzs/parameter-norm,null,null,null,null,https://data.omgeving.vlaanderen.be/id/concept/lzs/type/lelysphere,https://data.omgeving.vlaanderen.be/id/concept/lzs/parameter/spuiwaterproductie,null,null,0,null,null,null,null,minimum,true,null,null,null,null,null,null
https://data.omgeving.vlaanderen.be/id/concept/lzs/parameter_norm/_19,http://www.w3.org/2004/02/skos/core#Concept,null,null,https://data.omgeving.vlaanderen.be/id/conceptscheme/lzs/parameter-norm,null,Elektriciteitsverbruik van de waswaterpomp(en) Lely Sphere systeem,https://data.omgeving.vlaanderen.be/id/conceptscheme/lzs/parameter-norm,null,null,null,null,https://data.omgeving.vlaanderen.be/id/concept/lzs/type/lelysphere,https://data.omgeving.vlaanderen.be/id/concept/lzs/parameter/elektriciteitsverbruikwaterpompen,null,null,0,null,null,null,null,minimum,true,null,null,null,null,null,null
https://data.omgeving.vlaanderen.be/id/concept/lzs/parameter_norm/_2,http://www.w3.org/2004/02/skos/core#Concept,null,null,https://data.omgeving.vlaanderen.be/id/conceptscheme/lzs/parameter-norm,null,Geleidbaarheid waswater S1 systeem,https://data.omgeving.vlaanderen.be/id/conceptscheme/lzs/parameter-norm,null,null,null,null,https://data.omgeving.vlaanderen.be/id/concept/lzs/type/s1,https://data.omgeving.vlaanderen.be/id/concept/lzs/parameter/geleidbaarheidvanhetwaswater,30,null,0,null,null,null,null,maximum,true,null,null,null,null,null,null
https://data.omgeving.vlaanderen.be/id/concept/lzs/parameter_norm/_3,http://www.w3.org/2004/02/skos/core#Concept,null,null,https://data.omgeving.vlaanderen.be/id/conceptscheme/lzs/parameter-norm,null,Waswaterdebiet S1 systeem,https://data.omgeving.vlaanderen.be/id/conceptscheme/lzs/parameter-norm,null,null,null,null,https://data.omgeving.vlaanderen.be/id/concept/lzs/type/s1,https://data.omgeving.vlaanderen.be/id/concept/lzs/parameter/waswaterdebiet,null,null,0,null,null,null,null,minimum,true,null,null,null,null,null,null
https://data.omgeving.vlaanderen.be/id/concept/lzs/parameter_norm/_4,http://www.w3.org/2004/02/skos/core#Concept,null,null,https://data.omgeving.vlaanderen.be/id/conceptscheme/lzs/parameter-norm,null,Spuiwaterdebiet S1 systeem,https://data.omgeving.vlaanderen.be/id/conceptscheme/lzs/parameter-norm,null,null,null,null,https://data.omgeving.vlaanderen.be/id/concept/lzs/type/s1,https://data.omgeving.vlaanderen.be/id/concept/lzs/parameter/spuiwaterproductie,null,null,0,null,null,null,null,minimum,true,null,null,null,null,null,null
https://data.omgeving.vlaanderen.be/id/concept/lzs/parameter_norm/_5,http://www.w3.org/2004/02/skos/core#Concept,null,null,https://data.omgeving.vlaanderen.be/id/conceptscheme/lzs/parameter-norm,null,Drukval S1 systeem,https://data.omgeving.vlaanderen.be/id/conceptscheme/lzs/parameter-norm,null,null,null,null,https://data.omgeving.vlaanderen.be/id/concept/lzs/type/s1,https://data.omgeving.vlaanderen.be/id/concept/lzs/parameter/drukvaloverhetsysteem,500,null,0,null,null,null,null,exact,true,null,null,null,null,null,null
https://data.omgeving.vlaanderen.be/id/concept/lzs/parameter_norm/_6,http://www.w3.org/2004/02/skos/core#Concept,null,null,https://data.omgeving.vlaanderen.be/id/conceptscheme/lzs/parameter-norm,null,Zuurtegraad waswater S2 systeem,https://data.omgeving.vlaanderen.be/id/conceptscheme/lzs/parameter-norm,null,null,null,null,https://data.omgeving.vlaanderen.be/id/concept/lzs/type/s2,https://data.omgeving.vlaanderen.be/id/concept/lzs/parameter/zuurtegraadwaswater,14,null,0,null,null,null,null,maximum,true,null,null,null,null,null,null
https://data.omgeving.vlaanderen.be/id/concept/lzs/parameter_norm/_7,http://www.w3.org/2004/02/skos/core#Concept,null,null,https://data.omgeving.vlaanderen.be/id/conceptscheme/lzs/parameter-norm,null,Geleidbaarheid waswater S2 systeem,https://data.omgeving.vlaanderen.be/id/conceptscheme/lzs/parameter-norm,null,null,null,null,https://data.omgeving.vlaanderen.be/id/concept/lzs/type/s2,https://data.omgeving.vlaanderen.be/id/concept/lzs/parameter/geleidbaarheidvanhetwaswater,500,null,0,null,null,null,null,maximum,true,null,null,null,null,null,null
https://data.omgeving.vlaanderen.be/id/concept/lzs/parameter_norm/_8,http://www.w3.org/2004/02/skos/core#Concept,null,null,https://data.omgeving.vlaanderen.be/id/conceptscheme/lzs/parameter-norm,null,Waswaterdebiet S2 systeem,https://data.omgeving.vlaanderen.be/id/conceptscheme/lzs/parameter-norm,null,null,null,null,https://data.omgeving.vlaanderen.be/id/concept/lzs/type/s2,https://data.omgeving.vlaanderen.be/id/concept/lzs/parameter/waswaterdebiet,null,null,0,null,null,null,null,minimum,true,null,null,null,null,null,null
https://data.omgeving.vlaanderen.be/id/concept/lzs/parameter_norm/_9,http://www.w3.org/2004/02/skos/core#Concept,null,null,https://data.omgeving.vlaanderen.be/id/conceptscheme/lzs/parameter-norm,null,Spuiwaterdebiet S2 systeem,https://data.omgeving.vlaanderen.be/id/conceptscheme/lzs/parameter-norm,null,null,null,null,https://data.omgeving.vlaanderen.be/id/concept/lzs/type/s2,https://data.omgeving.vlaanderen.be/id/concept/lzs/parameter/spuiwaterproductie,null,null,0,null,null,null,null,minimum,true,null,null,null,null,null,null
https://data.omgeving.vlaanderen.be/id/concept/lzs/stalbezetting/in_gebruik,http://www.w3.org/2004/02/skos/core#Concept,null,null,https://data.omgeving.vlaanderen.be/id/conceptscheme/lzs/stalbezetting,null,"Stal in gebruik, dieren aanwezig.",https://data.omgeving.vlaanderen.be/id/conceptscheme/lzs/stalbezetting,null,null,null,null,null,null,null,null,null,null,null,null,null,null,null,null,null,null,null,null,null
https://data.omgeving.vlaanderen.be/id/concept/lzs/stalbezetting/leeg,http://www.w3.org/2004/02/skos/core#Concept,null,null,https://data.omgeving.vlaanderen.be/id/conceptscheme/lzs/stalbezetting,null,Lege stal,https://data.omgeving.vlaanderen.be/id/conceptscheme/lzs/stalbezetting,null,null,null,null,null,null,null,null,null,null,null,null,null,null,null,null,null,null,null,null,null
https://data.omgeving.vlaanderen.be/id/concept/lzs/status/gereinigd,http://www.w3.org/2004/02/skos/core#Concept,null,null,https://data.omgeving.vlaanderen.be/id/conceptscheme/lzs/systeemstatus,null,Gereinigd,https://data.omgeving.vlaanderen.be/id/conceptscheme/lzs/systeemstatus,null,null,null,null,null,null,null,null,null,null,null,null,null,null,null,null,null,null,null,null,null
https://data.omgeving.vlaanderen.be/id/concept/lzs/status/onderhoud,http://www.w3.org/2004/02/skos/core#Concept,null,null,https://data.omgeving.vlaanderen.be/id/conceptscheme/lzs/systeemstatus,null,In onderhoud,https://data.omgeving.vlaanderen.be/id/conceptscheme/lzs/systeemstatus,null,null,null,null,null,null,null,null,null,null,null,null,null,null,null,null,null,null,null,null,null
https://data.omgeving.vlaanderen.be/id/concept/lzs/status/operationeel,http://www.w3.org/2004/02/skos/core#Concept,null,null,https://data.omgeving.vlaanderen.be/id/conceptscheme/lzs/systeemstatus,null,Operationeel,https://data.omgeving.vlaanderen.be/id/conceptscheme/lzs/systeemstatus,null,null,null,null,null,null,null,null,null,null,null,null,null,null,null,null,null,null,null,null,null
https://data.omgeving.vlaanderen.be/id/concept/lzs/status/storing,http://www.w3.org/2004/02/skos/core#Concept,null,null,https://data.omgeving.vlaanderen.be/id/conceptscheme/lzs/systeemstatus,null,Storing,https://data.omgeving.vlaanderen.be/id/conceptscheme/lzs/systeemstatus,null,null,null,null,null,null,null,null,null,null,null,null,null,null,null,null,null,null,null,null,null
https://data.omgeving.vlaanderen.be/id/concept/lzs/systeemopstelling/enkelvoudig,http://www.w3.org/2004/02/skos/core#Concept,null,null,https://data.omgeving.vlaanderen.be/id/conceptscheme/lzs/systeemopstelling,null,Enkelvoudige opstelling,https://data.omgeving.vlaanderen.be/id/conceptscheme/lzs/systeemopstelling,null,null,null,null,null,null,null,null,null,null,null,null,null,null,null,null,null,null,null,null,null
https://data.omgeving.vlaanderen.be/id/concept/lzs/systeemopstelling/gecombineerd,http://www.w3.org/2004/02/skos/core#Concept,null,null,https://data.omgeving.vlaanderen.be/id/conceptscheme/lzs/systeemopstelling,null,Gecombineerde opstelling,https://data.omgeving.vlaanderen.be/id/conceptscheme/lzs/systeemopstelling,null,null,null,null,null,null,null,null,null,null,null,null,null,null,null,null,null,null,null,null,null
https://data.omgeving.vlaanderen.be/id/concept/lzs/type/lelysphere,http://www.w3.org/2004/02/skos/core#Concept,null,null,https://data.omgeving.vlaanderen.be/id/conceptscheme/lzs/systeemtype,Lelysphere,Lely Sphere,null,null,null,null,null,null,https://data.omgeving.vlaanderen.be/id/concept/lzs/parameter/waswaterdebiet|https://data.omgeving.vlaanderen.be/id/concept/lzs/parameter/spuiwaterproductie|https://data.omgeving.vlaanderen.be/id/concept/lzs/parameter/geleidbaarheidvanhetwaswater|https://data.omgeving.vlaanderen.be/id/concept/lzs/parameter/elektriciteitsverbruikwaterpompen,null,null,null,null,null,null,null,null,null,https://data.omgeving.vlaanderen.be/id/concept/lzs/type/luchtwassysteem,https://data.omgeving.vlaanderen.be/id/concept/lzs/type/luchtwassysteem|https://data.omgeving.vlaanderen.be/id/concept/lzs/type/luchtzuiveringssysteem,https://data.omgeving.vlaanderen.be/id/concept/lzs/type/luchtwassysteem|https://data.omgeving.vlaanderen.be/id/concept/lzs/type/luchtzuiveringssysteem,null,null,null
https://data.omgeving.vlaanderen.be/id/concept/lzs/type/luchtwassysteem,http://www.w3.org/2004/02/skos/core#Concept,null,null,https://data.omgeving.vlaanderen.be/id/conceptscheme/lzs/systeemtype,null,Luchtwassysteem,null,null,null,null,null,null,null,null,null,null,null,null,null,null,null,null,https://data.omgeving.vlaanderen.be/id/concept/lzs/type/luchtzuiveringssysteem,https://data.omgeving.vlaanderen.be/id/concept/lzs/type/luchtzuiveringssysteem,https://data.omgeving.vlaanderen.be/id/concept/lzs/type/s2|https://data.omgeving.vlaanderen.be/id/concept/lzs/type/s1|https://data.omgeving.vlaanderen.be/id/concept/lzs/type/lelysphere|https://data.omgeving.vlaanderen.be/id/concept/lzs/type/luchtzuiveringssysteem,https://data.omgeving.vlaanderen.be/id/concept/lzs/type/s2|https://data.omgeving.vlaanderen.be/id/concept/lzs/type/s1|https://data.omgeving.vlaanderen.be/id/concept/lzs/type/lelysphere,https://data.omgeving.vlaanderen.be/id/concept/lzs/type/s2|https://data.omgeving.vlaanderen.be/id/concept/lzs/type/s1|https://data.omgeving.vlaanderen.be/id/concept/lzs/type/lelysphere,null
https://data.omgeving.vlaanderen.be/id/concept/lzs/type/luchtzuiveringssysteem,http://www.w3.org/2004/02/skos/core#Concept,null,null,https://data.omgeving.vlaanderen.be/id/conceptscheme/lzs/systeemtype,null,Luchtzuiveringssysteem,https://data.omgeving.vlaanderen.be/id/conceptscheme/lzs/systeemtype,null,null,null,null,null,null,null,null,null,null,null,null,null,null,null,null,null,https://data.omgeving.vlaanderen.be/id/concept/lzs/type/s2|https://data.omgeving.vlaanderen.be/id/concept/lzs/type/s3|https://data.omgeving.vlaanderen.be/id/concept/lzs/type/s1|https://data.omgeving.vlaanderen.be/id/concept/lzs/type/lelysphere|https://data.omgeving.vlaanderen.be/id/concept/lzs/type/luchtwassysteem,https://data.omgeving.vlaanderen.be/id/concept/lzs/type/s3|https://data.omgeving.vlaanderen.be/id/concept/lzs/type/luchtwassysteem,https://data.omgeving.vlaanderen.be/id/concept/lzs/type/s2|https://data.omgeving.vlaanderen.be/id/concept/lzs/type/s3|https://data.omgeving.vlaanderen.be/id/concept/lzs/type/s1|https://data.omgeving.vlaanderen.be/id/concept/lzs/type/lelysphere|https://data.omgeving.vlaanderen.be/id/concept/lzs/type/luchtwassysteem,null
https://data.omgeving.vlaanderen.be/id/concept/lzs/type/s1,http://www.w3.org/2004/02/skos/core#Concept,null,null,https://data.omgeving.vlaanderen.be/id/conceptscheme/lzs/systeemtype,S1,Biologisch luchtwassysteem,null,null,null,null,null,null,https://data.omgeving.vlaanderen.be/id/concept/lzs/parameter/waswaterdebiet|https://data.omgeving.vlaanderen.be/id/concept/lzs/parameter/spuiwaterproductie|https://data.omgeving.vlaanderen.be/id/concept/lzs/parameter/drukvaloverhetsysteem|https://data.omgeving.vlaanderen.be/id/concept/lzs/parameter/zuurtegraadwaswater|https://data.omgeving.vlaanderen.be/id/concept/lzs/parameter/geleidbaarheidvanhetwaswater|https://data.omgeving.vlaanderen.be/id/concept/lzs/parameter/stalbezetting|https://data.omgeving.vlaanderen.be/id/concept/lzs/parameter/systeemstatus,null,null,null,null,null,null,null,null,null,https://data.omgeving.vlaanderen.be/id/concept/lzs/type/luchtwassysteem,https://data.omgeving.vlaanderen.be/id/concept/lzs/type/luchtwassysteem|https://data.omgeving.vlaanderen.be/id/concept/lzs/type/luchtzuiveringssysteem,https://data.omgeving.vlaanderen.be/id/concept/lzs/type/luchtwassysteem|https://data.omgeving.vlaanderen.be/id/concept/lzs/type/luchtzuiveringssysteem,null,null,null
https://data.omgeving.vlaanderen.be/id/concept/lzs/type/s2,http://www.w3.org/2004/02/skos/core#Concept,null,null,https://data.omgeving.vlaanderen.be/id/conceptscheme/lzs/systeemtype,S2,Chemisch luchtwassysteem,null,null,null,null,null,null,https://data.omgeving.vlaanderen.be/id/concept/lzs/parameter/waswaterdebiet|https://data.omgeving.vlaanderen.be/id/concept/lzs/parameter/spuiwaterproductie|https://data.omgeving.vlaanderen.be/id/concept/lzs/parameter/drukvaloverhetsysteem|https://data.omgeving.vlaanderen.be/id/concept/lzs/parameter/zuurtegraadwaswater|https://data.omgeving.vlaanderen.be/id/concept/lzs/parameter/geleidbaarheidvanhetwaswater|https://data.omgeving.vlaanderen.be/id/concept/lzs/parameter/stalbezetting|https://data.omgeving.vlaanderen.be/id/concept/lzs/parameter/systeemstatus,null,null,null,null,null,null,null,null,null,https://data.omgeving.vlaanderen.be/id/concept/lzs/type/luchtwassysteem,https://data.omgeving.vlaanderen.be/id/concept/lzs/type/luchtwassysteem|https://data.omgeving.vlaanderen.be/id/concept/lzs/type/luchtzuiveringssysteem,https://data.omgeving.vlaanderen.be/id/concept/lzs/type/luchtwassysteem|https://data.omgeving.vlaanderen.be/id/concept/lzs/type/luchtzuiveringssysteem,null,null,null
https://data.omgeving.vlaanderen.be/id/concept/lzs/type/s3,http://www.w3.org/2004/02/skos/core#Concept,null,null,https://data.omgeving.vlaanderen.be/id/conceptscheme/lzs/systeemtype,S3,Biobed,null,null,null,null,null,null,https://data.omgeving.vlaanderen.be/id/concept/lzs/parameter/drukvaloverhetsysteem|https://data.omgeving.vlaanderen.be/id/concept/lzs/parameter/waswaterdebietvoorbevochtiging|https://data.omgeving.vlaanderen.be/id/concept/lzs/parameter/waswaterdebietbevloeiing|https://data.omgeving.vlaanderen.be/id/concept/lzs/parameter/biobedspoelwaterproductie|https://data.omgeving.vlaanderen.be/id/concept/lzs/parameter/biobedspuiwaterproductie|https://data.omgeving.vlaanderen.be/id/concept/lzs/parameter/stalbezetting|https://data.omgeving.vlaanderen.be/id/concept/lzs/parameter/systeemstatus,null,null,null,null,null,null,null,null,null,https://data.omgeving.vlaanderen.be/id/concept/lzs/type/luchtzuiveringssysteem,https://data.omgeving.vlaanderen.be/id/concept/lzs/type/luchtzuiveringssysteem,https://data.omgeving.vlaanderen.be/id/concept/lzs/type/luchtzuiveringssysteem,null,null,null
https://data.omgeving.vlaanderen.be/id/concept/vlarem-klasse/k1,http://www.w3.org/2004/02/skos/core#Concept,null,VLAREM klasse 1,https://data.omgeving.vlaanderen.be/id/conceptscheme/vlarem-klasse,null,Klasse 1,https://data.omgeving.vlaanderen.be/id/conceptscheme/vlarem-klasse,null,Indelingsklasse voor inrichtingen met de grootste milieu-impact. Voor deze activiteiten geldt een omgevingsvergunning klasse 1 (zwaarste procedure).,Indelingsklasse voor inrichtingen met de grootste milieu-impact. Voor deze activiteiten geldt een omgevingsvergunning klasse 1 (zwaarste procedure).,null,null,null,null,null,null,null,null,null,null,null,null,null,null,null,null,null,null
https://data.omgeving.vlaanderen.be/id/concept/vlarem-klasse/k2,http://www.w3.org/2004/02/skos/core#Concept,null,VLAREM klasse 2,https://data.omgeving.vlaanderen.be/id/conceptscheme/vlarem-klasse,null,Klasse 2,https://data.omgeving.vlaanderen.be/id/conceptscheme/vlarem-klasse,null,Indelingsklasse voor inrichtingen met een middelgrote milieu-impact. Voor deze activiteiten geldt een omgevingsvergunning klasse 2.,Indelingsklasse voor inrichtingen met een middelgrote milieu-impact. Voor deze activiteiten geldt een omgevingsvergunning klasse 2.,null,null,null,null,null,null,null,null,null,null,null,null,null,null,null,null,null,null
https://data.omgeving.vlaanderen.be/id/concept/vlarem-klasse/k3,http://www.w3.org/2004/02/skos/core#Concept,null,VLAREM klasse 3,https://data.omgeving.vlaanderen.be/id/conceptscheme/vlarem-klasse,null,Klasse 3,https://data.omgeving.vlaanderen.be/id/conceptscheme/vlarem-klasse,null,Indelingsklasse voor inrichtingen met een beperkte milieu-impact. Voor deze activiteiten geldt een meldingsplicht (klasse 3).,Indelingsklasse voor inrichtingen met een beperkte milieu-impact. Voor deze activiteiten geldt een meldingsplicht (klasse 3).,null,null,null,null,null,null,null,null,null,null,null,null,null,null,null,null,null,null
https://data.omgeving.vlaanderen.be/id/conceptscheme/lzs/dataleverancierstatus,http://www.w3.org/2004/02/skos/core#ConceptScheme,null,null,null,null,conceptschema dataleverancier status,null,null,null,null,null,null,null,null,null,null,null,null,null,null,null,null,null,null,null,null,null,https://data.omgeving.vlaanderen.be/id/concept/lzs/dataleverancierstatus/gevalideerd|https://data.omgeving.vlaanderen.be/id/concept/lzs/dataleverancierstatus/geweigerd|https://data.omgeving.vlaanderen.be/id/concept/lzs/dataleverancierstatus/ingetrokken|https://data.omgeving.vlaanderen.be/id/concept/lzs/dataleverancierstatus/nietgevalideerd
https://data.omgeving.vlaanderen.be/id/conceptscheme/lzs/medium,http://www.w3.org/2004/02/skos/core#ConceptScheme,null,null,null,null,conceptschema luchtzuiveringssysteem medium,null,null,null,null,null,null,null,null,null,null,null,null,null,null,null,null,null,null,null,null,null,https://data.omgeving.vlaanderen.be/id/concept/lzs/medium/hetelektronischmonitoringssysteem|https://data.omgeving.vlaanderen.be/id/concept/lzs/medium/lucht|https://data.omgeving.vlaanderen.be/id/concept/lzs/medium/spuiwater|https://data.omgeving.vlaanderen.be/id/concept/lzs/medium/stal|https://data.omgeving.vlaanderen.be/id/concept/lzs/medium/waswater
https://data.omgeving.vlaanderen.be/id/conceptscheme/lzs/norm-bandbreedte,http://www.w3.org/2004/02/skos/core#ConceptScheme,null,Ranges,null,null,conceptschema luchtzuiveringssysteem normbandbreedte,null,null,null,null,null,null,null,null,null,null,null,null,null,null,null,null,null,null,null,null,null,https://data.omgeving.vlaanderen.be/id/concept/lzs/norm_bandbreedte/_10|https://data.omgeving.vlaanderen.be/id/concept/lzs/norm_bandbreedte/_11|https://data.omgeving.vlaanderen.be/id/concept/lzs/norm_bandbreedte/_12|https://data.omgeving.vlaanderen.be/id/concept/lzs/norm_bandbreedte/_13|https://data.omgeving.vlaanderen.be/id/concept/lzs/norm_bandbreedte/_14|https://data.omgeving.vlaanderen.be/id/concept/lzs/norm_bandbreedte/_15|https://data.omgeving.vlaanderen.be/id/concept/lzs/norm_bandbreedte/_16|https://data.omgeving.vlaanderen.be/id/concept/lzs/norm_bandbreedte/_1|https://data.omgeving.vlaanderen.be/id/concept/lzs/norm_bandbreedte/_2|https://data.omgeving.vlaanderen.be/id/concept/lzs/norm_bandbreedte/_3|https://data.omgeving.vlaanderen.be/id/concept/lzs/norm_bandbreedte/_4|https://data.omgeving.vlaanderen.be/id/concept/lzs/norm_bandbreedte/_5|https://data.omgeving.vlaanderen.be/id/concept/lzs/norm_bandbreedte/_6|https://data.omgeving.vlaanderen.be/id/concept/lzs/norm_bandbreedte/_7|https://data.omgeving.vlaanderen.be/id/concept/lzs/norm_bandbreedte/_8|https://data.omgeving.vlaanderen.be/id/concept/lzs/norm_bandbreedte/_9
https://data.omgeving.vlaanderen.be/id/conceptscheme/lzs/parameter,http://www.w3.org/2004/02/skos/core#ConceptScheme,null,null,null,null,conceptschema luchtzuiveringssysteem eigenschap,null,null,null,null,null,null,null,null,null,null,null,null,null,null,null,null,null,null,null,null,null,https://data.omgeving.vlaanderen.be/id/concept/lzs/parameter/waswaterdebiet|https://data.omgeving.vlaanderen.be/id/concept/lzs/parameter/spuiwaterproductie|https://data.omgeving.vlaanderen.be/id/concept/lzs/parameter/drukvaloverhetsysteem|https://data.omgeving.vlaanderen.be/id/concept/lzs/parameter/waswaterdebietvoorbevochtiging|https://data.omgeving.vlaanderen.be/id/concept/lzs/parameter/waswaterdebietbevloeiing|https://data.omgeving.vlaanderen.be/id/concept/lzs/parameter/zuurtegraadwaswater|https://data.omgeving.vlaanderen.be/id/concept/lzs/parameter/geleidbaarheidvanhetwaswater|https://data.omgeving.vlaanderen.be/id/concept/lzs/parameter/biobedspoelwaterproductie|https://data.omgeving.vlaanderen.be/id/concept/lzs/parameter/biobedspuiwaterproductie|https://data.omgeving.vlaanderen.be/id/concept/lzs/parameter/elektriciteitsverbruikwaterpompen|https://data.omgeving.vlaanderen.be/id/concept/lzs/parameter/stalbezetting|https://data.omgeving.vlaanderen.be/id/concept/lzs/parameter/systeemstatus
https://data.omgeving.vlaanderen.be/id/conceptscheme/lzs/parameter-norm,http://www.w3.org/2004/02/skos/core#ConceptScheme,null,null,null,null,conceptschema luchtzuiveringssysteem parameter specificatie,null,null,"Het schema van indelingsklassen (1, 2, 3) zoals vastgelegd in de Vlaamse milieuregelgeving (VLAREM).","Het schema van indelingsklassen (1, 2, 3) zoals vastgelegd in de Vlaamse milieuregelgeving (VLAREM).",null,null,null,null,null,null,null,null,null,null,null,null,null,null,null,null,null,https://data.omgeving.vlaanderen.be/id/concept/lzs/parameter_norm/_10|https://data.omgeving.vlaanderen.be/id/concept/lzs/parameter_norm/_11|https://data.omgeving.vlaanderen.be/id/concept/lzs/parameter_norm/_12|https://data.omgeving.vlaanderen.be/id/concept/lzs/parameter_norm/_13|https://data.omgeving.vlaanderen.be/id/concept/lzs/parameter_norm/_14|https://data.omgeving.vlaanderen.be/id/concept/lzs/parameter_norm/_15|https://data.omgeving.vlaanderen.be/id/concept/lzs/parameter_norm/_16|https://data.omgeving.vlaanderen.be/id/concept/lzs/parameter_norm/_17|https://data.omgeving.vlaanderen.be/id/concept/lzs/parameter_norm/_18|https://data.omgeving.vlaanderen.be/id/concept/lzs/parameter_norm/_19|https://data.omgeving.vlaanderen.be/id/concept/lzs/parameter_norm/_1|https://data.omgeving.vlaanderen.be/id/concept/lzs/parameter_norm/_2|https://data.omgeving.vlaanderen.be/id/concept/lzs/parameter_norm/_3|https://data.omgeving.vlaanderen.be/id/concept/lzs/parameter_norm/_4|https://data.omgeving.vlaanderen.be/id/concept/lzs/parameter_norm/_5|https://data.omgeving.vlaanderen.be/id/concept/lzs/parameter_norm/_6|https://data.omgeving.vlaanderen.be/id/concept/lzs/parameter_norm/_7|https://data.omgeving.vlaanderen.be/id/concept/lzs/parameter_norm/_8|https://data.omgeving.vlaanderen.be/id/concept/lzs/parameter_norm/_9
https://data.omgeving.vlaanderen.be/id/conceptscheme/lzs/stalbezetting,http://www.w3.org/2004/02/skos/core#ConceptScheme,null,null,null,null,conceptschema luchtzuiveringssysteem stalbezetting,null,null,null,null,null,null,null,null,null,null,null,null,null,null,null,null,null,null,null,null,null,https://data.omgeving.vlaanderen.be/id/concept/lzs/stalbezetting/in_gebruik|https://data.omgeving.vlaanderen.be/id/concept/lzs/stalbezetting/leeg
https://data.omgeving.vlaanderen.be/id/conceptscheme/lzs/systeemopstelling,http://www.w3.org/2004/02/skos/core#ConceptScheme,null,null,null,null,conceptschema  luchtzuiveringssysteem opstelingen,null,null,null,null,null,null,null,null,null,null,null,null,null,null,null,null,null,null,null,null,null,https://data.omgeving.vlaanderen.be/id/concept/lzs/systeemopstelling/enkelvoudig|https://data.omgeving.vlaanderen.be/id/concept/lzs/systeemopstelling/gecombineerd
https://data.omgeving.vlaanderen.be/id/conceptscheme/lzs/systeemstatus,http://www.w3.org/2004/02/skos/core#ConceptScheme,null,null,null,null,conceptschema luchtzuiveringssysteem status,null,null,null,null,null,null,null,null,null,null,null,null,null,null,null,null,null,null,null,null,null,https://data.omgeving.vlaanderen.be/id/concept/lzs/status/gereinigd|https://data.omgeving.vlaanderen.be/id/concept/lzs/status/onderhoud|https://data.omgeving.vlaanderen.be/id/concept/lzs/status/operationeel|https://data.omgeving.vlaanderen.be/id/concept/lzs/status/storing
https://data.omgeving.vlaanderen.be/id/conceptscheme/lzs/systeemtype,http://www.w3.org/2004/02/skos/core#ConceptScheme,null,null,null,null,conceptschema luchtzuiveringssysteem,null,null,null,null,null,null,null,null,null,null,null,null,null,null,null,null,null,null,null,null,null,https://data.omgeving.vlaanderen.be/id/concept/lzs/type/luchtzuiveringssysteem
https://data.omgeving.vlaanderen.be/id/conceptscheme/vlarem-klasse,http://www.w3.org/2004/02/skos/core#ConceptScheme,null,null,null,null,VLAREM indelingsklassen,null,null,null,null,null,null,null,null,null,null,null,null,null,null,null,null,null,null,null,null,null,https://data.omgeving.vlaanderen.be/id/concept/vlarem-klasse/k1|https://data.omgeving.vlaanderen.be/id/concept/vlarem-klasse/k2|https://data.omgeving.vlaanderen.be/id/concept/vlarem-klasse/k3